{
  "0J_PTH_0_10_Tag0":{
    "r_ggH_0J_low":0.91030,
    "r_ggH_0J_high":0.08970
  },
  "0J_PTH_0_10_Tag1":{
    "r_ggH_0J_low":0.91994,
    "r_ggH_0J_high":0.06914,
    "r_ggH_1J_low":0.01092
  },
  "0J_PTH_0_10_Tag2":{
    "r_ggH_0J_low":0.93796,
    "r_ggH_0J_high":0.06204
  },
  "0J_PTH_GT10_Tag0":{
    "r_ggH_0J_high":0.87685,
    "r_ggH_1J_low":0.12315
  },
  "0J_PTH_GT10_Tag1":{
    "r_ggH_0J_high":0.86469,
    "r_ggH_1J_low":0.13531
  },
  "0J_PTH_GT10_Tag2":{
    "r_ggH_0J_low":0.01729,
    "r_ggH_0J_high":0.85110,
    "r_ggH_1J_low":0.13162
  },
  "1J_PTH_0_60_Tag0":{
    "r_ggH_0J_high":0.17030,
    "r_ggH_1J_low":0.76714,
    "r_ggH_2J_low":0.06256
  },
  "1J_PTH_0_60_Tag1":{
    "r_ggH_0J_high":0.16434,
    "r_ggH_1J_low":0.77551,
    "r_ggH_2J_low":0.06014
  },
  "1J_PTH_0_60_Tag2":{
    "r_ggH_0J_high":0.15448,
    "r_ggH_1J_low":0.78009,
    "r_ggH_2J_low":0.06543
  },
  "1J_PTH_120_200_Tag0":{
    "r_ggH_1J_high":0.82103,
    "r_ggH_2J_high":0.12191,
    "r_qqH_high_mjj_low_pthjj":0.05706
  },
  "1J_PTH_120_200_Tag1":{
    "r_ggH_1J_high":0.83287,
    "r_ggH_2J_high":0.12707,
    "r_qqH_high_mjj_low_pthjj":0.04005
  },
  "1J_PTH_120_200_Tag2":{
    "r_ggH_1J_med":0.01495,
    "r_ggH_1J_high":0.82723,
    "r_ggH_2J_high":0.12011,
    "r_qqH_high_mjj_low_pthjj":0.03771
  },
  "1J_PTH_60_120_Tag0":{
    "r_ggH_0J_high":0.01602,
    "r_ggH_1J_med":0.84772,
    "r_ggH_2J_med":0.13626
  },
  "1J_PTH_60_120_Tag1":{
    "r_ggH_0J_high":0.06435,
    "r_ggH_1J_med":0.82321,
    "r_ggH_2J_med":0.11245
  },
  "1J_PTH_60_120_Tag2":{
    "r_ggH_0J_high":0.06905,
    "r_ggH_1J_low":0.01270,
    "r_ggH_1J_med":0.80584,
    "r_ggH_2J_med":0.11240
  },
  "GE2J_PTH_0_60_Tag0":{
    "r_ggH_0J_high":0.06035,
    "r_ggH_1J_low":0.20201,
    "r_ggH_2J_low":0.73764
  },
  "GE2J_PTH_0_60_Tag1":{
    "r_ggH_0J_high":0.06205,
    "r_ggH_1J_low":0.16529,
    "r_ggH_2J_low":0.75820,
    "r_ttH_low":0.01446
  },
  "GE2J_PTH_0_60_Tag2":{
    "r_ggH_0J_high":0.01876,
    "r_ggH_1J_low":0.19376,
    "r_ggH_2J_low":0.73316,
    "r_qqH_VHhad":0.01775,
    "r_ttH_low":0.03657
  },
  "GE2J_PTH_120_200_Tag0":{
    "r_ggH_1J_high":0.10246,
    "r_ggH_2J_high":0.89754
  },
  "GE2J_PTH_120_200_Tag1":{
    "r_ggH_1J_high":0.12858,
    "r_ggH_2J_high":0.87142
  },
  "GE2J_PTH_120_200_Tag2":{
    "r_ggH_1J_high":0.12854,
    "r_ggH_2J_high":0.85501,
    "r_ttH_medhigh":0.01645
  },
  "GE2J_PTH_60_120_Tag0":{
    "r_ggH_1J_med":0.13882,
    "r_ggH_2J_med":0.84717,
    "r_ggH_2J_high":0.01401
  },
  "GE2J_PTH_60_120_Tag1":{
    "r_ggH_1J_med":0.17340,
    "r_ggH_2J_med":0.82660
  },
  "GE2J_PTH_60_120_Tag2":{
    "r_ggH_1J_med":0.17430,
    "r_ggH_2J_med":0.79071,
    "r_qqH_VHhad":0.01701,
    "r_ttH_medlow":0.01798
  },
  "PTH_200_300_Tag0":{
    "r_ggH_BSM_low":0.94411,
    "r_qqH_BSM":0.05589
  },
  "PTH_200_300_Tag1":{
    "r_ggH_2J_high":0.01424,
    "r_ggH_BSM_low":0.91376,
    "r_qqH_BSM":0.07200
  },
  "PTH_300_450_Tag0":{
    "r_ggH_BSM_med":0.94466,
    "r_qqH_BSM":0.05534
  },
  "PTH_300_450_Tag1":{
    "r_ggH_BSM_med":0.86260,
    "r_qqH_BSM":0.06658,
    "r_ttH_veryhigh":0.07082
  },
  "PTH_450_650_Tag0":{
    "r_ggH_BSM_med":0.03003,
    "r_ggH_BSM_high":0.86677,
    "r_qqH_BSM":0.06521,
    "r_ttH_veryhigh":0.03798
  },
  "PTH_GT650_Tag0":{
    "r_ggH_BSM_high":0.92789,
    "r_qqH_BSM":0.05663,
    "r_WH_lep_high":0.01548
  },
  "THQ_LEP":{
    "r_ggH_BSM_low":0.01244,
    "r_WH_lep_low":0.08855,
    "r_WH_lep_med":0.11378,
    "r_WH_lep_high":0.08370,
    "r_ZH_lep":0.02853,
    "r_ttH_medlow":0.03830,
    "r_ttH_medhigh":0.07612,
    "r_ttH_high":0.09516,
    "r_ttH_veryhigh":0.10637,
    "r_tH":0.35705
  },
  "TTH_HAD_PTH_0_60_Tag0":{
    "r_ggH_2J_low":0.02364,
    "r_ttH_low":0.96552,
    "r_ttH_medlow":0.01084
  },
  "TTH_HAD_PTH_0_60_Tag1":{
    "r_ttH_low":0.97532,
    "r_ttH_medlow":0.02468
  },
  "TTH_HAD_PTH_0_60_Tag2":{
    "r_ttH_low":0.97127,
    "r_ttH_medlow":0.01297,
    "r_tH":0.01575
  },
  "TTH_HAD_PTH_120_200_Tag0":{
    "r_ttH_medhigh":0.97744,
    "r_ttH_high":0.01140,
    "r_tH":0.01117
  },
  "TTH_HAD_PTH_120_200_Tag1":{
    "r_ggH_2J_high":0.01267,
    "r_ttH_medhigh":0.94924,
    "r_tH":0.03809
  },
  "TTH_HAD_PTH_120_200_Tag2":{
    "r_ggH_2J_high":0.05970,
    "r_ttH_medhigh":0.86637,
    "r_tH":0.07393
  },
  "TTH_HAD_PTH_120_200_Tag3":{
    "r_ggH_2J_high":0.13040,
    "r_ttH_medhigh":0.76480,
    "r_tH":0.10480
  },
  "TTH_HAD_PTH_200_300_Tag0":{
    "r_ttH_high":0.95331,
    "r_tH":0.04669
  },
  "TTH_HAD_PTH_200_300_Tag1":{
    "r_ggH_BSM_low":0.07361,
    "r_ttH_medhigh":0.01259,
    "r_ttH_high":0.81126,
    "r_tH":0.10253
  },
  "TTH_HAD_PTH_200_300_Tag2":{
    "r_ggH_BSM_low":0.20821,
    "r_qqH_VHhad":0.01427,
    "r_ttH_high":0.62897,
    "r_tH":0.14855
  },
  "TTH_HAD_PTH_60_120_Tag0":{
    "r_ttH_medlow":0.96586,
    "r_ttH_medhigh":0.03414
  },
  "TTH_HAD_PTH_60_120_Tag1":{
    "r_ggH_2J_med":0.04522,
    "r_ttH_medlow":0.93237,
    "r_ttH_medhigh":0.02241
  },
  "TTH_HAD_PTH_60_120_Tag2":{
    "r_ttH_medlow":0.96954,
    "r_tH":0.03046
  },
  "TTH_HAD_PTH_GT300_Tag0":{
    "r_ggH_BSM_med":0.05409,
    "r_ttH_veryhigh":0.79104,
    "r_tH":0.15487
  },
  "TTH_HAD_PTH_GT300_Tag1":{
    "r_ggH_BSM_med":0.21671,
    "r_ggH_BSM_high":0.04348,
    "r_ttH_veryhigh":0.52952,
    "r_tH":0.21028
  },
  "TTH_LEP_PTH_0_60_Tag0":{
    "r_ttH_low":0.95739,
    "r_ttH_medlow":0.04261
  },
  "TTH_LEP_PTH_0_60_Tag1":{
    "r_ttH_low":0.98200,
    "r_ttH_medlow":0.01800
  },
  "TTH_LEP_PTH_0_60_Tag2":{
    "r_WH_lep_low":0.01538,
    "r_ttH_low":0.95667,
    "r_ttH_medlow":0.01157,
    "r_tH":0.01638
  },
  "TTH_LEP_PTH_120_200_Tag0":{
    "r_ttH_medhigh":1.00000
  },
  "TTH_LEP_PTH_120_200_Tag1":{
    "r_WH_lep_med":0.01203,
    "r_WH_lep_high":0.02925,
    "r_ttH_medhigh":0.91682,
    "r_tH":0.04190
  },
  "TTH_LEP_PTH_200_300_Tag0":{
    "r_ttH_high":0.92326,
    "r_tH":0.07674
  },
  "TTH_LEP_PTH_60_120_Tag0":{
    "r_ttH_medlow":0.98683,
    "r_ttH_medhigh":0.01317
  },
  "TTH_LEP_PTH_60_120_Tag1":{
    "r_ttH_medlow":0.97359,
    "r_ttH_medhigh":0.02641
  },
  "TTH_LEP_PTH_60_120_Tag2":{
    "r_ttH_medlow":0.98692,
    "r_tH":0.01308
  },
  "TTH_LEP_PTH_GT300_Tag0":{
    "r_WH_lep_high":0.10794,
    "r_ttH_high":0.08207,
    "r_ttH_veryhigh":0.68599,
    "r_tH":0.12400
  },
  "VBFLIKEGGH_Tag0":{
    "r_ggH_1J_med":0.01688,
    "r_ggH_1J_high":0.01956,
    "r_ggH_2J_med":0.01705,
    "r_ggH_2J_high":0.08248,
    "r_ggH_BSM_low":0.16100,
    "r_qqH_low_mjj_low_pthjj":0.25499,
    "r_qqH_low_mjj_high_pthjj":0.43415,
    "r_qqH_BSM":0.01390
  },
  "VBFLIKEGGH_Tag1":{
    "r_ggH_1J_low":0.01992,
    "r_ggH_1J_med":0.06680,
    "r_ggH_2J_med":0.06163,
    "r_ggH_2J_high":0.04151,
    "r_ggH_BSM_low":0.13718,
    "r_qqH_low_mjj_low_pthjj":0.21906,
    "r_qqH_low_mjj_high_pthjj":0.29405,
    "r_qqH_high_mjj_low_pthjj":0.03590,
    "r_qqH_high_mjj_high_pthjj":0.10532,
    "r_qqH_BSM":0.01865
  },
  "VBFTOPO_BSM_Tag0":{
    "r_ggH_BSM_low":0.23986,
    "r_qqH_BSM":0.76014
  },
  "VBFTOPO_BSM_Tag1":{
    "r_ggH_BSM_low":0.34780,
    "r_ggH_BSM_med":0.03969,
    "r_qqH_BSM":0.61251
  },
  "VBFTOPO_JET3VETO_HIGHMJJ_Tag0":{
    "r_qqH_low_mjj_low_pthjj":0.01261,
    "r_qqH_high_mjj_low_pthjj":0.93875,
    "r_qqH_high_mjj_high_pthjj":0.04864
  },
  "VBFTOPO_JET3VETO_HIGHMJJ_Tag1":{
    "r_qqH_low_mjj_low_pthjj":0.14455,
    "r_qqH_high_mjj_low_pthjj":0.83525,
    "r_qqH_high_mjj_high_pthjj":0.02020
  },
  "VBFTOPO_JET3VETO_LOWMJJ_Tag0":{
    "r_qqH_low_mjj_low_pthjj":0.88924,
    "r_qqH_low_mjj_high_pthjj":0.08206,
    "r_qqH_high_mjj_low_pthjj":0.02870
  },
  "VBFTOPO_JET3VETO_LOWMJJ_Tag1":{
    "r_ggH_2J_med":0.01634,
    "r_qqH_low_mjj_low_pthjj":0.89278,
    "r_qqH_low_mjj_high_pthjj":0.09088
  },
  "VBFTOPO_JET3_HIGHMJJ_Tag0":{
    "r_qqH_high_mjj_low_pthjj":0.51791,
    "r_qqH_high_mjj_high_pthjj":0.48209
  },
  "VBFTOPO_JET3_HIGHMJJ_Tag1":{
    "r_ggH_1J_med":0.02621,
    "r_qqH_low_mjj_low_pthjj":0.03494,