{
  "0J_PTH_0_10_Tag0":{
    "r_ggH_0J_low":0.88089,
    "r_ggH_0J_high":0.09815,
    "r_ggH_1J_low":0.02096
  },
  "0J_PTH_0_10_Tag1":{
    "r_ggH_0J_low":0.89938,
    "r_ggH_0J_high":0.07812,
    "r_ggH_1J_low":0.02249
  },
  "0J_PTH_0_10_Tag2":{
    "r_ggH_0J_low":0.90877,
    "r_ggH_0J_high":0.07036,
    "r_ggH_1J_low":0.02088
  },
  "0J_PTH_GT10_Tag0":{
    "r_ggH_0J_high":0.86893,
    "r_ggH_1J_low":0.12001,
    "r_ggH_2J_low":0.01106
  },
  "0J_PTH_GT10_Tag1":{
    "r_ggH_0J_low":0.02282,
    "r_ggH_0J_high":0.83655,
    "r_ggH_1J_low":0.12873,
    "r_ggH_2J_low":0.01190
  },
  "0J_PTH_GT10_Tag2":{
    "r_ggH_0J_low":0.03445,
    "r_ggH_0J_high":0.82727,
    "r_ggH_1J_low":0.12570,
    "r_ggH_2J_low":0.01258
  },
  "1J_PTH_0_60_Tag0":{
    "r_ggH_0J_high":0.17449,
    "r_ggH_1J_low":0.74613,
    "r_ggH_1J_med":0.01838,
    "r_ggH_2J_low":0.06099
  },
  "1J_PTH_0_60_Tag1":{
    "r_ggH_0J_high":0.16889,
    "r_ggH_1J_low":0.75357,
    "r_ggH_1J_med":0.01894,
    "r_ggH_2J_low":0.05859
  },
  "1J_PTH_0_60_Tag2":{
    "r_ggH_0J_high":0.15893,
    "r_ggH_1J_low":0.75488,
    "r_ggH_1J_med":0.02273,
    "r_ggH_2J_low":0.06346
  },
  "1J_PTH_120_200_Tag0":{
    "r_ggH_1J_high":0.75537,
    "r_ggH_2J_high":0.11346,
    "r_qqH_low_mjj_low_pthjj":0.02334,
    "r_qqH_low_mjj_high_pthjj":0.01912,
    "r_qqH_high_mjj_low_pthjj":0.06637,
    "r_qqH_high_mjj_high_pthjj":0.02233
  },
  "1J_PTH_120_200_Tag1":{
    "r_ggH_1J_high":0.75576,
    "r_ggH_2J_high":0.11667,
    "r_qqH_low_mjj_low_pthjj":0.02625,
    "r_qqH_low_mjj_high_pthjj":0.01312,
    "r_qqH_high_mjj_low_pthjj":0.05190,
    "r_qqH_high_mjj_high_pthjj":0.02182,
    "r_qqH_VHhad":0.01449
  },
  "1J_PTH_120_200_Tag2":{
    "r_ggH_1J_med":0.02574,
    "r_ggH_1J_high":0.75788,
    "r_ggH_2J_high":0.11124,
    "r_qqH_low_mjj_low_pthjj":0.02148,
    "r_qqH_low_mjj_high_pthjj":0.01390,
    "r_qqH_high_mjj_low_pthjj":0.05168,
    "r_qqH_high_mjj_high_pthjj":0.01809
  },
  "1J_PTH_60_120_Tag0":{
    "r_ggH_0J_high":0.03903,
    "r_ggH_1J_med":0.78346,
    "r_ggH_2J_med":0.12637,
    "r_qqH_low_mjj_low_pthjj":0.01976,
    "r_qqH_high_mjj_low_pthjj":0.03137
  },
  "1J_PTH_60_120_Tag1":{
    "r_ggH_0J_high":0.06597,
    "r_ggH_1J_low":0.01416,
    "r_ggH_1J_med":0.77700,
    "r_ggH_2J_med":0.10648,
    "r_qqH_low_mjj_low_pthjj":0.01520,
    "r_qqH_high_mjj_low_pthjj":0.02119
  },
  "1J_PTH_60_120_Tag2":{
    "r_ggH_0J_high":0.07133,
    "r_ggH_1J_low":0.02627,
    "r_ggH_1J_med":0.76240,
    "r_ggH_2J_med":0.10666,
    "r_qqH_low_mjj_low_pthjj":0.01508,
    "r_qqH_high_mjj_low_pthjj":0.01826
  },
  "GE2J_PTH_0_60_Tag0":{
    "r_ggH_0J_high":0.07227,
    "r_ggH_1J_low":0.17754,
    "r_ggH_2J_low":0.65136,
    "r_ggH_2J_med":0.01794,
    "r_qqH_low_mjj_high_pthjj":0.02082,
    "r_qqH_VHhad":0.03889,
    "r_ttH_low":0.02118
  },
  "GE2J_PTH_0_60_Tag1":{
    "r_ggH_0J_high":0.06075,
    "r_ggH_1J_low":0.14279,
    "r_ggH_2J_low":0.65756,
    "r_ggH_2J_med":0.01508,
    "r_qqH_low_mjj_low_pthjj":0.01580,
    "r_qqH_low_mjj_high_pthjj":0.01866,
    "r_qqH_VHhad":0.06158,
    "r_ttH_low":0.02777
  },
  "GE2J_PTH_0_60_Tag2":{
    "r_ggH_0J_high":0.04491,
    "r_ggH_1J_low":0.16232,
    "r_ggH_2J_low":0.61677,
    "r_ggH_2J_med":0.01931,
    "r_qqH_low_mjj_low_pthjj":0.02308,
    "r_qqH_low_mjj_high_pthjj":0.02293,
    "r_qqH_VHhad":0.06929,
    "r_ttH_low":0.04139
  },
  "GE2J_PTH_120_200_Tag0":{
    "r_ggH_1J_high":0.08824,
    "r_ggH_2J_high":0.78314,
    "r_ggH_BSM_low":0.01655,
    "r_qqH_low_mjj_low_pthjj":0.01976,
    "r_qqH_low_mjj_high_pthjj":0.02630,
    "r_qqH_high_mjj_high_pthjj":0.01689,
    "r_qqH_VHhad":0.03384,
    "r_ttH_medhigh":0.01528
  },
  "GE2J_PTH_120_200_Tag1":{
    "r_ggH_1J_high":0.10916,
    "r_ggH_2J_high":0.74838,
    "r_qqH_low_mjj_low_pthjj":0.01536,
    "r_qqH_low_mjj_high_pthjj":0.03347,
    "r_qqH_high_mjj_low_pthjj":0.01555,
    "r_qqH_high_mjj_high_pthjj":0.01595,
    "r_qqH_VHhad":0.04090,
    "r_ttH_medhigh":0.02123
  },
  "GE2J_PTH_120_200_Tag2":{
    "r_ggH_1J_high":0.10314,
    "r_ggH_2J_med":0.01803,
    "r_ggH_2J_high":0.69484,
    "r_qqH_low_mjj_low_pthjj":0.02376,
    "r_qqH_low_mjj_high_pthjj":0.03999,
    "r_qqH_high_mjj_low_pthjj":0.02075,
    "r_qqH_high_mjj_high_pthjj":0.02001,
    "r_qqH_VHhad":0.04634,
    "r_ttH_medhigh":0.03314
  },
  "GE2J_PTH_60_120_Tag0":{
    "r_ggH_1J_med":0.12748,
    "r_ggH_2J_med":0.78181,
    "r_ggH_2J_high":0.03145,
    "r_qqH_low_mjj_high_pthjj":0.01605,
    "r_qqH_VHhad":0.02897,
    "r_ttH_medlow":0.01425
  },
  "GE2J_PTH_60_120_Tag1":{
    "r_ggH_1J_med":0.15628,
    "r_ggH_2J_med":0.74912,
    "r_qqH_low_mjj_low_pthjj":0.01622,
    "r_qqH_low_mjj_high_pthjj":0.01797,
    "r_qqH_VHhad":0.03726,
    "r_ttH_medlow":0.02315
  },
  "GE2J_PTH_60_120_Tag2":{
    "r_ggH_1J_med":0.15340,
    "r_ggH_2J_med":0.70105,
    "r_qqH_low_mjj_low_pthjj":0.01823,
    "r_qqH_low_mjj_high_pthjj":0.02425,
    "r_qqH_VHhad":0.06695,
    "r_ttH_medlow":0.03611
  },
  "PTH_200_300_Tag0":{
    "r_ggH_BSM_low":0.90862,
    "r_qqH_VHhad":0.02375,
    "r_qqH_BSM":0.05519,
    "r_ttH_high":0.01244
  },
  "PTH_200_300_Tag1":{
    "r_ggH_1J_high":0.01826,
    "r_ggH_2J_high":0.01657,
    "r_ggH_BSM_low":0.83581,
    "r_qqH_VHhad":0.03628,
    "r_qqH_BSM":0.07013,
    "r_ttH_high":0.02295
  },
  "PTH_300_450_Tag0":{
    "r_ggH_BSM_med":0.90246,
    "r_qqH_VHhad":0.02583,
    "r_qqH_BSM":0.05539,
    "r_ttH_veryhigh":0.01632
  },
  "PTH_300_450_Tag1":{
    "r_ggH_BSM_med":0.77156,
    "r_qqH_VHhad":0.04292,
    "r_qqH_BSM":0.07548,
    "r_WH_lep_high":0.01562,
    "r_ZH_lep":0.01303,
    "r_ttH_veryhigh":0.06215,
    "r_tH":0.01925
  },
  "PTH_450_650_Tag0":{
    "r_ggH_BSM_med":0.03513,
    "r_ggH_BSM_high":0.76805,
    "r_qqH_VHhad":0.01523,
    "r_qqH_BSM":0.07890,
    "r_WH_lep_high":0.01666,
    "r_ZH_lep":0.01357,
    "r_ttH_veryhigh":0.04284,
    "r_tH":0.02961
  },
  "PTH_GT650_Tag0":{
    "r_ggH_BSM_high":0.87160,
    "r_qqH_BSM":0.05314,
    "r_WH_lep_high":0.01742,
    "r_ZH_lep":0.01921,
    "r_tH":0.03863
  },
  "THQ_LEP":{
    "r_ggH_2J_high":0.01442,
    "r_ggH_BSM_low":0.01401,
    "r_WH_lep_low":0.07843,
    "r_WH_lep_med":0.10077,
    "r_WH_lep_high":0.09641,
    "r_ZH_lep":0.08379,
    "r_ttH_medlow":0.04339,
    "r_ttH_medhigh":0.07405,
    "r_ttH_high":0.08428,
    "r_ttH_veryhigh":0.09421,
    "r_tH":0.31623
  },
  "TTH_HAD_PTH_0_60_Tag0":{
    "r_ggH_2J_low":0.01742,
    "r_ttH_low":0.94613,
    "r_ttH_medlow":0.02372,
    "r_tH":0.01273
  },
  "TTH_HAD_PTH_0_60_Tag1":{
    "r_ttH_low":0.94442,
    "r_ttH_medlow":0.03282,
    "r_tH":0.02276
  },
  "TTH_HAD_PTH_0_60_Tag2":{
    "r_qqH_low_mjj_high_pthjj":0.01360,
    "r_ttH_low":0.92453,
    "r_ttH_medlow":0.02338,
    "r_tH":0.03849
  },
  "TTH_HAD_PTH_120_200_Tag0":{
    "r_ttH_medhigh":0.94141,
    "r_ttH_high":0.02336,
    "r_tH":0.03523
  },
  "TTH_HAD_PTH_120_200_Tag1":{
    "r_ggH_2J_high":0.03056,
    "r_qqH_low_mjj_high_pthjj":0.01585,
    "r_ttH_medlow":0.01656,
    "r_ttH_medhigh":0.86394,
    "r_ttH_high":0.01207,
    "r_tH":0.06101
  },
  "TTH_HAD_PTH_120_200_Tag2":{
    "r_ggH_2J_high":0.07429,
    "r_qqH_low_mjj_high_pthjj":0.02872,
    "r_qqH_VHhad":0.02131,
    "r_ttH_medhigh":0.77367,
    "r_ttH_high":0.01530,
    "r_tH":0.08672
  },
  "TTH_HAD_PTH_120_200_Tag3":{
    "r_ggH_2J_high":0.13217,
    "r_qqH_low_mjj_high_pthjj":0.03818,
    "r_qqH_VHhad":0.02946,
    "r_ttH_medlow":0.01492,
    "r_ttH_medhigh":0.67256,
    "r_tH":0.11270
  },
  "TTH_HAD_PTH_200_300_Tag0":{
    "r_ttH_high":0.91475,
    "r_ttH_veryhigh":0.01724,
    "r_tH":0.06801
  },
  "TTH_HAD_PTH_200_300_Tag1":{
    "r_ggH_BSM_low":0.09231,
    "r_ttH_medhigh":0.01718,
    "r_ttH_high":0.78209,
    "r_tH":0.10842
  },
  "TTH_HAD_PTH_200_300_Tag2":{
    "r_ggH_BSM_low":0.19498,
    "r_qqH_VHhad":0.03763,
    "r_qqH_BSM":0.01656,
    "r_ttH_high":0.58903,
    "r_ttH_veryhigh":0.01232,
    "r_tH":0.14948
  },
  "TTH_HAD_PTH_60_120_Tag0":{
    "r_ttH_medlow":0.94486,
    "r_ttH_medhigh":0.03859,