{
  "0J_PTH_0_10_Tag0":{
    "r_ggH_0J_low":0.91029,
    "r_ggH_0J_high":0.08971
  },
  "0J_PTH_0_10_Tag1":{
    "r_ggH_0J_low":0.91993,
    "r_ggH_0J_high":0.06915,
    "r_ggH_1J_low":0.01092
  },
  "0J_PTH_0_10_Tag2":{
    "r_ggH_0J_low":0.93794,
    "r_ggH_0J_high":0.06206
  },
  "0J_PTH_GT10_Tag0":{
    "r_ggH_0J_high":0.87685,
    "r_ggH_1J_low":0.12315
  },
  "0J_PTH_GT10_Tag1":{
    "r_ggH_0J_high":0.86469,
    "r_ggH_1J_low":0.13531
  },
  "0J_PTH_GT10_Tag2":{
    "r_ggH_0J_low":0.01730,
    "r_ggH_0J_high":0.85109,
    "r_ggH_1J_low":0.13162
  },
  "1J_PTH_0_60_Tag0":{
    "r_ggH_0J_high":0.17030,
    "r_ggH_1J_low":0.76714,
    "r_ggH_2J_low":0.06256
  },
  "1J_PTH_0_60_Tag1":{
    "r_ggH_0J_high":0.16434,
    "r_ggH_1J_low":0.77552,
    "r_ggH_2J_low":0.06014
  },
  "1J_PTH_0_60_Tag2":{
    "r_ggH_0J_high":0.15448,
    "r_ggH_1J_low":0.78009,
    "r_ggH_2J_low":0.06543
  },
  "1J_PTH_120_200_Tag0":{
    "r_ggH_1J_high":0.82091,
    "r_ggH_2J_high":0.12190,
    "r_qqH_high_mjj_low_pthjj":0.05719
  },
  "1J_PTH_120_200_Tag1":{
    "r_ggH_1J_high":0.83280,
    "r_ggH_2J_high":0.12705,
    "r_qqH_high_mjj_low_pthjj":0.04015
  },
  "1J_PTH_120_200_Tag2":{
    "r_ggH_1J_med":0.01494,
    "r_ggH_1J_high":0.82716,
    "r_ggH_2J_high":0.12010,
    "r_qqH_high_mjj_low_pthjj":0.03780
  },
  "1J_PTH_60_120_Tag0":{
    "r_ggH_0J_high":0.01602,
    "r_ggH_1J_med":0.84772,
    "r_ggH_2J_med":0.13626
  },
  "1J_PTH_60_120_Tag1":{
    "r_ggH_0J_high":0.06435,
    "r_ggH_1J_med":0.82321,
    "r_ggH_2J_med":0.11245
  },
  "1J_PTH_60_120_Tag2":{
    "r_ggH_0J_high":0.06905,
    "r_ggH_1J_low":0.01270,
    "r_ggH_1J_med":0.80584,
    "r_ggH_2J_med":0.11241
  },
  "GE2J_PTH_0_60_Tag0":{
    "r_ggH_0J_high":0.06035,
    "r_ggH_1J_low":0.20201,
    "r_ggH_2J_low":0.73764
  },
  "GE2J_PTH_0_60_Tag1":{
    "r_ggH_0J_high":0.06205,
    "r_ggH_1J_low":0.16530,
    "r_ggH_2J_low":0.75822,
    "r_ttH_low":0.01444
  },
  "GE2J_PTH_0_60_Tag2":{
    "r_ggH_0J_high":0.01876,
    "r_ggH_1J_low":0.19379,
    "r_ggH_2J_low":0.73328,
    "r_qqH_VHhad":0.01766,
    "r_ttH_low":0.03651
  },
  "GE2J_PTH_120_200_Tag0":{
    "r_ggH_1J_high":0.10246,
    "r_ggH_2J_high":0.89754
  },
  "GE2J_PTH_120_200_Tag1":{
    "r_ggH_1J_high":0.12858,
    "r_ggH_2J_high":0.87142
  },
  "GE2J_PTH_120_200_Tag2":{
    "r_ggH_1J_high":0.12854,
    "r_ggH_2J_high":0.85503,
    "r_ttH_medhigh":0.01643
  },
  "GE2J_PTH_60_120_Tag0":{
    "r_ggH_1J_med":0.13881,
    "r_ggH_2J_med":0.84717,
    "r_ggH_2J_high":0.01402
  },
  "GE2J_PTH_60_120_Tag1":{
    "r_ggH_1J_med":0.17341,
    "r_ggH_2J_med":0.82659
  },
  "GE2J_PTH_60_120_Tag2":{
    "r_ggH_1J_med":0.17432,
    "r_ggH_2J_med":0.79079,
    "r_qqH_VHhad":0.01693,
    "r_ttH_medlow":0.01796
  },
  "PTH_200_300_Tag0":{
    "r_ggH_BSM_low":0.94398,
    "r_qqH_BSM":0.05602
  },
  "PTH_200_300_Tag1":{
    "r_ggH_2J_high":0.01424,
    "r_ggH_BSM_low":0.91360,
    "r_qqH_BSM":0.07216
  },
  "PTH_300_450_Tag0":{
    "r_ggH_BSM_med":0.94453,
    "r_qqH_BSM":0.05547
  },
  "PTH_300_450_Tag1":{
    "r_ggH_BSM_med":0.86258,
    "r_qqH_BSM":0.06673,
    "r_ttH_veryhigh":0.07069
  },
  "PTH_450_650_Tag0":{
    "r_ggH_BSM_med":0.03003,
    "r_ggH_BSM_high":0.86669,
    "r_qqH_BSM":0.06537,
    "r_ttH_veryhigh":0.03791
  },
  "PTH_GT650_Tag0":{
    "r_ggH_BSM_high":0.92792,
    "r_qqH_BSM":0.05667,
    "r_WH_lep_high":0.01540
  },
  "THQ_LEP":{
    "r_ggH_BSM_low":0.01244,
    "r_WH_lep_low":0.08817,
    "r_WH_lep_med":0.11326,
    "r_WH_lep_high":0.08332,
    "r_ZH_lep":0.02845,
    "r_ttH_medlow":0.03822,
    "r_ttH_medhigh":0.07602,
    "r_ttH_high":0.09505,
    "r_ttH_veryhigh":0.10624,
    "r_tH":0.35881
  },
  "TTH_HAD_PTH_0_60_Tag0":{
    "r_ggH_2J_low":0.02368,
    "r_ttH_low":0.96545,
    "r_ttH_medlow":0.01088
  },
  "TTH_HAD_PTH_0_60_Tag1":{
    "r_ttH_low":0.97532,
    "r_ttH_medlow":0.02468
  },
  "TTH_HAD_PTH_0_60_Tag2":{
    "r_ttH_low":0.97118,
    "r_ttH_medlow":0.01297,
    "r_tH":0.01585
  },
  "TTH_HAD_PTH_120_200_Tag0":{
    "r_ttH_medhigh":0.97737,
    "r_ttH_high":0.01140,
    "r_tH":0.01123
  },
  "TTH_HAD_PTH_120_200_Tag1":{
    "r_ggH_2J_high":0.01268,
    "r_ttH_medhigh":0.94901,
    "r_tH":0.03831
  },
  "TTH_HAD_PTH_120_200_Tag2":{
    "r_ggH_2J_high":0.05977,
    "r_ttH_medhigh":0.86590,
    "r_tH":0.07433
  },
  "TTH_HAD_PTH_120_200_Tag3":{
    "r_ggH_2J_high":0.13053,
    "r_ttH_medhigh":0.76414,
    "r_tH":0.10532
  },
  "TTH_HAD_PTH_200_300_Tag0":{
    "r_ttH_high":0.95303,
    "r_tH":0.04697
  },
  "TTH_HAD_PTH_200_300_Tag1":{
    "r_ggH_BSM_low":0.07367,
    "r_ttH_medhigh":0.01258,
    "r_ttH_high":0.81066,
    "r_tH":0.10308
  },
  "TTH_HAD_PTH_200_300_Tag2":{
    "r_ggH_BSM_low":0.20839,
    "r_qqH_VHhad":0.01423,
    "r_ttH_high":0.62812,
    "r_tH":0.14926
  },
  "TTH_HAD_PTH_60_120_Tag0":{
    "r_ttH_medlow":0.96582,
    "r_ttH_medhigh":0.03418
  },
  "TTH_HAD_PTH_60_120_Tag1":{
    "r_ggH_2J_med":0.04527,
    "r_ttH_medlow":0.93227,
    "r_ttH_medhigh":0.02246
  },
  "TTH_HAD_PTH_60_120_Tag2":{
    "r_ttH_medlow":0.96937,
    "r_tH":0.03063
  },
  "TTH_HAD_PTH_GT300_Tag0":{
    "r_ggH_BSM_med":0.05412,
    "r_ttH_veryhigh":0.79017,
    "r_tH":0.15571
  },
  "TTH_HAD_PTH_GT300_Tag1":{
    "r_ggH_BSM_med":0.21671,
    "r_ggH_BSM_high":0.04347,
    "r_ttH_veryhigh":0.52858,
    "r_tH":0.21123
  },
  "TTH_LEP_PTH_0_60_Tag0":{
    "r_ttH_low":0.95721,
    "r_ttH_medlow":0.04279
  },
  "TTH_LEP_PTH_0_60_Tag1":{
    "r_ttH_low":0.98195,
    "r_ttH_medlow":0.01805
  },
  "TTH_LEP_PTH_0_60_Tag2":{
    "r_WH_lep_low":0.01533,
    "r_ttH_low":0.95657,
    "r_ttH_medlow":0.01162,
    "r_tH":0.01648
  },
  "TTH_LEP_PTH_120_200_Tag0":{
    "r_ttH_medhigh":1.00000
  },
  "TTH_LEP_PTH_120_200_Tag1":{
    "r_WH_lep_med":0.01199,
    "r_WH_lep_high":0.02915,
    "r_ttH_medhigh":0.91670,
    "r_tH":0.04216
  },
  "TTH_LEP_PTH_200_300_Tag0":{
    "r_ttH_high":0.92278,
    "r_tH":0.07722
  },
  "TTH_LEP_PTH_60_120_Tag0":{
    "r_ttH_medlow":0.98683,
    "r_ttH_medhigh":0.01317
  },
  "TTH_LEP_PTH_60_120_Tag1":{
    "r_ttH_medlow":0.97352,
    "r_ttH_medhigh":0.02648
  },
  "TTH_LEP_PTH_60_120_Tag2":{
    "r_ttH_medlow":0.98685,
    "r_tH":0.01315
  },
  "TTH_LEP_PTH_GT300_Tag0":{
    "r_WH_lep_high":0.10754,
    "r_ttH_high":0.08201,
    "r_ttH_veryhigh":0.68566,
    "r_tH":0.12480
  },
  "VBFLIKEGGH_Tag0":{
    "r_ggH_1J_med":0.01686,
    "r_ggH_1J_high":0.01954,
    "r_ggH_2J_med":0.01704,
    "r_ggH_2J_high":0.08245,
    "r_ggH_BSM_low":0.16090,
    "r_qqH_low_mjj_low_pthjj":0.25510,
    "r_qqH_low_mjj_high_pthjj":0.43418,
    "r_qqH_BSM":0.01393
  },
  "VBFLIKEGGH_Tag1":{
    "r_ggH_1J_low":0.01990,
    "r_ggH_1J_med":0.06675,
    "r_ggH_2J_med":0.06159,
    "r_ggH_2J_high":0.04148,
    "r_ggH_BSM_low":0.13708,
    "r_qqH_low_mjj_low_pthjj":0.21919,
    "r_qqH_low_mjj_high_pthjj":0.29404,
    "r_qqH_high_mjj_low_pthjj":0.03596,
    "r_qqH_high_mjj_high_pthjj":0.10533,
    "r_qqH_BSM":0.01869
  },
  "VBFTOPO_BSM_Tag0":{
    "r_ggH_BSM_low":0.23941,
    "r_qqH_BSM":0.76059
  },
  "VBFTOPO_BSM_Tag1":{
    "r_ggH_BSM_low":0.34728,
    "r_ggH_BSM_med":0.03963,
    "r_qqH_BSM":0.61309
  },
  "VBFTOPO_JET3VETO_HIGHMJJ_Tag0":{
    "r_qqH_low_mjj_low_pthjj":0.01262,
    "r_qqH_high_mjj_low_pthjj":0.93873,
    "r_qqH_high_mjj_high_pthjj":0.04865
  },
  "VBFTOPO_JET3VETO_HIGHMJJ_Tag1":{
    "r_qqH_low_mjj_low_pthjj":0.14454,
    "r_qqH_high_mjj_low_pthjj":0.83525,
    "r_qqH_high_mjj_high_pthjj":0.02021
  },
  "VBFTOPO_JET3VETO_LOWMJJ_Tag0":{
    "r_qqH_low_mjj_low_pthjj":0.88926,
    "r_qqH_low_mjj_high_pthjj":0.08202,
    "r_qqH_high_mjj_low_pthjj":0.02872
  },
  "VBFTOPO_JET3VETO_LOWMJJ_Tag1":{
    "r_ggH_2J_med":0.01631,
    "r_qqH_low_mjj_low_pthjj":0.89283,
    "r_qqH_low_mjj_high_pthjj":0.09086
  },
  "VBFTOPO_JET3_HIGHMJJ_Tag0":{
    "r_qqH_high_mjj_low_pthjj":0.51807,
    "r_qqH_high_mjj_high_pthjj":0.48193
  },
  "VBFTOPO_JET3_HIGHMJJ_Tag1":{
    "r_ggH_1J_med":0.02619,
    "r_qqH_low_mjj_low_pthjj":0.03498,