{
  "ZZ":{
    "A_chbox":0.1196435902,
    "u_A_chbox":0.0033858071,
    "A_chdd":0.0050671771,
    "u_A_chdd":0.1799364025,
    "A_chw":-0.2342679041,
    "u_A_chw":0.0250779238,
    "A_chb":-0.2295602204,
    "u_A_chb":0.0562736094,
    "A_chwb":0.2443804584,
    "u_A_chwb":0.0285912139,
    "A_chl1":0.1264234053,
    "u_A_chl1":0.0042802307,
    "A_chl3":-0.2356912605,
    "u_A_chl3":0.0036479031,
    "A_che":-0.1008317078,
    "u_A_che":0.0052674865,
    "A_cll1":0.1810524781,
    "u_A_cll1":0.0033637748,
    "B_chbox_2":0.0036403451,
    "u_B_chbox_2":0.0034213962,
    "B_chdd_2":0.0184345630,
    "u_B_chdd_2":0.0047214076,
    "B_chw_2":0.8830578379,
    "u_B_chw_2":0.0235767681,
    "B_chb_2":4.0319342503,
    "u_B_chb_2":0.0364315610,
    "B_chwb_2":1.1838150787,
    "u_B_chwb_2":0.0342220854,
    "B_chl1_2":0.0065065420,
    "u_B_chl1_2":0.0045681428,
    "B_chl3_2":0.0163950921,
    "u_B_chl3_2":0.0041925135,
    "B_che_2":0.0062637715,
    "u_B_che_2":0.0057146762,
    "B_cll1_2":0.0082116474,
    "u_B_cll1_2":0.0033699246,
    "B_chbox_chdd":0.0008990982,
    "u_B_chbox_chdd":0.0611225325,
    "B_chbox_chw":0.0005851194,
    "u_B_chbox_chw":0.5142259791,
    "B_chbox_chb":-0.0069944714,
    "u_B_chbox_chb":0.0583682419,
    "B_chbox_chwb":-0.0000957784,
    "u_B_chbox_chwb":2.5901342595,
    "B_chbox_chl1":0.0076296088,
    "u_B_chbox_chl1":0.0043018240,
    "B_chbox_chl3":-0.0141577149,
    "u_B_chbox_chl3":0.0036780757,
    "B_chbox_che":-0.0060392832,
    "u_B_chbox_che":0.0053014976,
    "B_chbox_cll1":0.0108937386,
    "u_B_chbox_cll1":0.0033938741,
    "B_chdd_chw":0.0710935376,
    "u_B_chdd_chw":0.0115550150,
    "B_chdd_chb":-0.0332811142,
    "u_B_chdd_chb":0.0476160463,
    "B_chdd_chwb":-0.0177019667,
    "u_B_chdd_chwb":0.0494990125,
    "B_chdd_chl1":0.0100140339,
    "u_B_chdd_chl1":0.0068217249,
    "B_chdd_chl3":0.0085006097,
    "u_B_chdd_chl3":0.0148724107,
    "B_chdd_che":0.0117790865,
    "u_B_chdd_che":0.0070520544,
    "B_chdd_cll1":0.0007566721,
    "u_B_chdd_cll1":0.1091769567,
    "B_chw_chb":0.7414446073,
    "u_B_chw_chb":0.1192231226,
    "B_chw_chwb":-1.7563477841,
    "u_B_chw_chwb":0.0280116168,
    "B_chw_chl1":-0.0071957732,
    "u_B_chw_chl1":0.0562984035,
    "B_chw_chl3":0.0206235368,
    "u_B_chw_chl3":0.0347645446,
    "B_chw_che":0.0112716985,
    "u_B_chw_che":0.0371514817,
    "B_chw_cll1":-0.0139096990,
    "u_B_chw_cll1":0.0319267495,
    "B_chb_chwb":-2.8601721154,
    "u_B_chb_chwb":0.0532230008,
    "B_chb_chl1":0.0038805211,
    "u_B_chb_chl1":0.1290138815,
    "B_chb_chl3":0.0387086092,
    "u_B_chb_chl3":0.0419555701,
    "B_chb_che":-0.0053132664,
    "u_B_chb_che":0.0953118192,
    "B_chb_cll1":-0.0174133199,
    "u_B_chb_cll1":0.0499318215,
    "B_chwb_chl1":0.0138117713,
    "u_B_chwb_chl1":0.0196382179,
    "B_chwb_chl3":-0.0157232198,
    "u_B_chwb_chl3":0.0563916896,
    "B_chwb_che":0.0056235861,
    "u_B_chwb_che":0.0558103335,
    "B_chwb_cll1":0.0147671863,
    "u_B_chwb_cll1":0.0322182319,
    "B_chl1_chl3":-0.0099449037,
    "u_B_chl1_chl3":0.0040857246,
    "B_chl1_che":-0.0009701612,
    "u_B_chl1_che":0.0058697777,
    "B_chl1_cll1":0.0114790883,
    "u_B_chl1_cll1":0.0042824636,
    "B_chl3_che":0.0172948066,
    "u_B_chl3_che":0.0054159807,
    "B_chl3_cll1":-0.0213674391,
    "u_B_chl3_cll1":0.0036524727,
    "B_che_cll1":-0.0091324872,
    "u_B_che_cll1":0.0052719350
  },
  "gamgam":{
    "A_chw":-13.9978407458,
    "u_A_chw":4.4038246083,
    "A_chb":-48.8125887201,
    "u_A_chb":15.3568016681,
    "A_chwb":26.1394625714,
    "u_A_chwb":8.2236679923,
    "B_chw_2":48.9849018005,
    "u_B_chw_2":15.4110126516,
    "B_chb_2":595.6672707817,
    "u_B_chb_2":187.4013438786,
    "B_chwb_2":170.8176724693,
    "u_B_chwb_2":53.7405296084,
    "B_chw_chb":341.6354724788,
    "u_B_chw_chb":107.4810289401,
    "B_chw_chwb":-182.9480133713,
    "u_B_chw_chwb":57.5567852005,
    "B_chb_chwb":-637.9671635205,
    "u_B_chb_chwb":200.7091991064
  },
  "WW":{
    "A_chbox":0.1212398804,
    "u_A_chbox":0.0000052556,
    "A_chdd":-0.0313633296,
    "u_A_chdd":0.0002143099,
    "A_chw":-0.0888772506,
    "u_A_chw":0.0004422649,
    "A_chb":0.0002313608,
    "u_A_chb":0.0003859430,
    "A_chwb":-0.0019206134,
    "u_A_chwb":0.0002619390,
    "A_chl1":0.0027697720,
    "u_A_chl1":0.0001529653,
    "A_chl3":-0.2280118938,
    "u_A_chl3":0.0001248696,
    "A_che":-0.0046335557,
    "u_A_che":0.0001487361,
    "A_cll1":0.1818681496,
    "u_A_cll1":0.0000064838,
    "B_chbox_2":0.0036749113,
    "u_B_chbox_2":0.0000002320,
    "B_chdd_2":0.0008229751,
    "u_B_chdd_2":0.0000113594,
    "B_chw_2":0.0048109968,
    "u_B_chw_2":0.0002239931,
    "B_chb_2":0.0021097161,
    "u_B_chb_2":0.0002271658,
    "B_chwb_2":0.0009639680,
    "u_B_chwb_2":0.0000851058,
    "B_chl1_2":0.0002972379,
    "u_B_chl1_2":0.0000077215,
    "B_chl3_2":0.0132016296,
    "u_B_chl3_2":0.0000159736,
    "B_che_2":0.0002821868,
    "u_B_che_2":0.0000098196,
    "B_cll1_2":0.0082690367,
    "u_B_cll1_2":0.0000003199,
    "B_chbox_chdd":-0.0018940429,
    "u_B_chbox_chdd":0.0000129591,
    "B_chbox_chw":-0.0053537916,
    "u_B_chbox_chw":0.0000273244,
    "B_chbox_chb":-0.0000205944,
    "u_B_chbox_chb":0.0000239760,
    "B_chbox_chwb":-0.0001315829,
    "u_B_chbox_chwb":0.0000161664,
    "B_chbox_chl1":0.0001684262,
    "u_B_chbox_chl1":0.0000092658,
    "B_chbox_chl3":-0.0138216783,
    "u_B_chbox_chl3":0.0000075601,
    "B_chbox_che":-0.0002804052,
    "u_B_chbox_che":0.0000090135,
    "B_chbox_cll1":0.0110249737,
    "u_B_chbox_cll1":0.0000005429,
    "B_chdd_chw":0.0022516241,
    "u_B_chdd_chw":0.0000406563,
    "B_chdd_chb":-0.0008852139,
    "u_B_chdd_chb":0.0000396617,
    "B_chdd_chwb":0.0006765377,
    "u_B_chdd_chwb":0.0000269738,
    "B_chdd_chl1":0.0004307126,
    "u_B_chdd_chl1":0.0000124214,
    "B_chdd_chl3":0.0040434157,
    "u_B_chdd_chl3":0.0000305959,
    "B_chdd_che":0.0005595722,
    "u_B_chdd_che":0.0000179730,
    "B_chdd_cll1":-0.0028483937,
    "u_B_chdd_cll1":0.0000194705,
    "B_chw_chb":-0.0041421573,
    "u_B_chw_chb":0.0004511382,
    "B_chw_chwb":-0.0017285320,
    "u_B_chw_chwb":0.0002718779,
    "B_chw_chl3":0.0099454363,
    "u_B_chw_chl3":0.0000533329,
    "B_chw_che":0.0001701424,
    "u_B_chw_che":0.0000053151,
    "B_chw_cll1":-0.0080649987,
    "u_B_chw_cll1":0.0000403906,
    "B_chb_chwb":0.0018520367,
    "u_B_chb_chwb":0.0002740148,
    "B_chb_chl1":-0.0000826623,
    "u_B_chb_chl1":0.0000218962,
    "B_chb_chl3":-0.0000740263,
    "u_B_chb_chl3":0.0000474859,
    "B_chb_che":-0.0000293324,
    "u_B_chb_che":0.0000027696,
    "B_chb_cll1":0.0000037287,
    "u_B_chb_cll1":0.0000352891,
    "B_chwb_chl1":0.0004269622,
    "u_B_chwb_chl1":0.0000157546,
    "B_chwb_chl3":0.0006875532,
    "u_B_chwb_chl3":0.0000359493,
    "B_chwb_che":0.0005427313,
    "u_B_chwb_che":0.0000185058,
    "B_chwb_cll1":-0.0001822269,
    "u_B_chwb_cll1":0.0000239109,
    "B_chl1_chl3":-0.0000723049,
    "u_B_chl1_chl3":0.0000130497,
    "B_chl1_che":0.0000339294,
    "u_B_chl1_che":0.0000010689,
    "B_chl1_cll1":0.0002521280,
    "u_B_chl1_cll1":0.0000139057,
    "B_chl3_che":0.0008082879,
    "u_B_chl3_che":0.0000263285,
    "B_chl3_cll1":-0.0207338546,
    "u_B_chl3_cll1":0.0000113468,
    "B_che_cll1":-0.0004211079,
    "u_B_che_cll1":0.0000135237
  },
  "bb":{
    "A_chbox":0.1212482133,
    "u_A_chbox":0.0000000204,
    "A_chdd":-0.0303120767,
    "u_A_chdd":0.0000000158,
    "A_chl3":-0.1212482133,
    "u_A_chl3":0.0000000204,
    "A_cll1":0.0606240832,
    "u_A_cll1":0.0000000274,
    "B_chbox_2":0.0036752671,
    "u_B_chbox_2":0.0000000013,
    "B_chdd_2":0.0002297296,
    "u_B_chdd_2":0.0000000000,
    "B_chl3_2":0.0036752905,
    "u_B_chl3_2":0.0000000000,
    "B_cll1_2":0.0009188343,
    "u_B_cll1_2":0.0000000000,
    "B_chbox_chdd":-0.0018376452,
    "u_B_chbox_chdd":0.0000000006,
    "B_chbox_chl3":-0.0073505599,
    "u_B_chbox_chl3":0.0000000008,
    "B_chbox_cll1":0.0036752905,