{
  "0J_PTH_0_10_Tag0":{
    "ggH_0J_PTH_0_10":0.91029,
    "ggH_0J_PTH_GT10":0.08971
  },
  "0J_PTH_0_10_Tag1":{
    "ggH_0J_PTH_0_10":0.91993,
    "ggH_0J_PTH_GT10":0.06915,
    "ggH_1J_PTH_0_60":0.01092
  },
  "0J_PTH_0_10_Tag2":{
    "ggH_0J_PTH_0_10":0.93794,
    "ggH_0J_PTH_GT10":0.06206
  },
  "0J_PTH_GT10_Tag0":{
    "ggH_0J_PTH_GT10":0.87685,
    "ggH_1J_PTH_0_60":0.12315
  },
  "0J_PTH_GT10_Tag1":{
    "ggH_0J_PTH_GT10":0.86469,
    "ggH_1J_PTH_0_60":0.13531
  },
  "0J_PTH_GT10_Tag2":{
    "ggH_0J_PTH_0_10":0.01730,
    "ggH_0J_PTH_GT10":0.85109,
    "ggH_1J_PTH_0_60":0.13162
  },
  "1J_PTH_0_60_Tag0":{
    "ggH_0J_PTH_GT10":0.17030,
    "ggH_1J_PTH_0_60":0.76714,
    "ggH_GE2J_MJJ_0_350_PTH_0_60":0.06256
  },
  "1J_PTH_0_60_Tag1":{
    "ggH_0J_PTH_GT10":0.16434,
    "ggH_1J_PTH_0_60":0.77552,
    "ggH_GE2J_MJJ_0_350_PTH_0_60":0.06014
  },
  "1J_PTH_0_60_Tag2":{
    "ggH_0J_PTH_GT10":0.15448,
    "ggH_1J_PTH_0_60":0.78009,
    "ggH_GE2J_MJJ_0_350_PTH_0_60":0.06543
  },
  "1J_PTH_120_200_Tag0":{
    "ggH_1J_PTH_120_200":0.82091,
    "ggH_GE2J_MJJ_0_350_PTH_120_200":0.12190,
    "VBFlike_high_mjj_low_pthjj":0.05719
  },
  "1J_PTH_120_200_Tag1":{
    "ggH_1J_PTH_120_200":0.83280,
    "ggH_GE2J_MJJ_0_350_PTH_120_200":0.12705,
    "VBFlike_high_mjj_low_pthjj":0.04015
  },
  "1J_PTH_120_200_Tag2":{
    "ggH_1J_PTH_60_120":0.01494,
    "ggH_1J_PTH_120_200":0.82716,
    "ggH_GE2J_MJJ_0_350_PTH_120_200":0.12010,
    "VBFlike_high_mjj_low_pthjj":0.03780
  },
  "1J_PTH_60_120_Tag0":{
    "ggH_0J_PTH_GT10":0.01602,
    "ggH_1J_PTH_60_120":0.84772,
    "ggH_GE2J_MJJ_0_350_PTH_60_120":0.13626
  },
  "1J_PTH_60_120_Tag1":{
    "ggH_0J_PTH_GT10":0.06435,
    "ggH_1J_PTH_60_120":0.82321,
    "ggH_GE2J_MJJ_0_350_PTH_60_120":0.11245
  },
  "1J_PTH_60_120_Tag2":{
    "ggH_0J_PTH_GT10":0.06905,
    "ggH_1J_PTH_0_60":0.01270,
    "ggH_1J_PTH_60_120":0.80584,
    "ggH_GE2J_MJJ_0_350_PTH_60_120":0.11241
  },
  "GE2J_PTH_0_60_Tag0":{
    "ggH_0J_PTH_GT10":0.06035,
    "ggH_1J_PTH_0_60":0.20201,
    "ggH_GE2J_MJJ_0_350_PTH_0_60":0.73764
  },
  "GE2J_PTH_0_60_Tag1":{
    "ggH_0J_PTH_GT10":0.06205,
    "ggH_1J_PTH_0_60":0.16530,
    "ggH_GE2J_MJJ_0_350_PTH_0_60":0.75822,
    "ttH_PTH_0_60":0.01444
  },
  "GE2J_PTH_0_60_Tag2":{
    "ggH_0J_PTH_GT10":0.01876,
    "ggH_1J_PTH_0_60":0.19379,
    "ggH_GE2J_MJJ_0_350_PTH_0_60":0.73328,
    "qqH_GE2J_MJJ_60_120":0.01766,
    "ttH_PTH_0_60":0.03651
  },
  "GE2J_PTH_120_200_Tag0":{
    "ggH_1J_PTH_120_200":0.10246,
    "ggH_GE2J_MJJ_0_350_PTH_120_200":0.89754
  },
  "GE2J_PTH_120_200_Tag1":{
    "ggH_1J_PTH_120_200":0.12858,
    "ggH_GE2J_MJJ_0_350_PTH_120_200":0.87142
  },
  "GE2J_PTH_120_200_Tag2":{
    "ggH_1J_PTH_120_200":0.12854,
    "ggH_GE2J_MJJ_0_350_PTH_120_200":0.85503,
    "ttH_PTH_120_200":0.01643
  },
  "GE2J_PTH_60_120_Tag0":{
    "ggH_1J_PTH_60_120":0.13881,
    "ggH_GE2J_MJJ_0_350_PTH_60_120":0.84717,
    "ggH_GE2J_MJJ_0_350_PTH_120_200":0.01402
  },
  "GE2J_PTH_60_120_Tag1":{
    "ggH_1J_PTH_60_120":0.17341,
    "ggH_GE2J_MJJ_0_350_PTH_60_120":0.82659
  },
  "GE2J_PTH_60_120_Tag2":{
    "ggH_1J_PTH_60_120":0.17432,
    "ggH_GE2J_MJJ_0_350_PTH_60_120":0.79079,
    "qqH_GE2J_MJJ_60_120":0.01693,
    "ttH_PTH_60_120":0.01796
  },
  "PTH_200_300_Tag0":{
    "ggH_PTH_200_300":0.94398,
    "qqH_GE2J_MJJ_GT350_PTH_GT200":0.05602
  },
  "PTH_200_300_Tag1":{
    "ggH_GE2J_MJJ_0_350_PTH_120_200":0.01424,
    "ggH_PTH_200_300":0.91360,
    "qqH_GE2J_MJJ_GT350_PTH_GT200":0.07216
  },
  "PTH_300_450_Tag0":{
    "ggH_PTH_300_450":0.94453,
    "qqH_GE2J_MJJ_GT350_PTH_GT200":0.05547
  },
  "PTH_300_450_Tag1":{
    "ggH_PTH_300_450":0.86258,
    "qqH_GE2J_MJJ_GT350_PTH_GT200":0.06673,
    "ttH_PTH_GT300":0.07069
  },
  "PTH_450_650_Tag0":{
    "ggH_PTH_300_450":0.03003,
    "ggH_PTH_GT450":0.86669,
    "qqH_GE2J_MJJ_GT350_PTH_GT200":0.06537,
    "ttH_PTH_GT300":0.03791
  },
  "PTH_GT650_Tag0":{
    "ggH_PTH_GT450":0.92792,
    "qqH_GE2J_MJJ_GT350_PTH_GT200":0.05667,
    "WH_lep_PTV_GT150":0.01540
  },
  "THQ_LEP":{
    "ggH_PTH_200_300":0.01244,
    "WH_lep_PTV_0_75":0.08817,
    "WH_lep_PTV_75_150":0.11326,
    "WH_lep_PTV_GT150":0.08332,
    "ZH_lep":0.02845,
    "ttH_PTH_60_120":0.03822,
    "ttH_PTH_120_200":0.07602,
    "ttH_PTH_200_300":0.09505,
    "ttH_PTH_GT300":0.10624,
    "tH":0.35881
  },
  "TTH_HAD_PTH_0_60_Tag0":{
    "ggH_GE2J_MJJ_0_350_PTH_0_60":0.02368,
    "ttH_PTH_0_60":0.96545,
    "ttH_PTH_60_120":0.01088
  },
  "TTH_HAD_PTH_0_60_Tag1":{
    "ttH_PTH_0_60":0.97532,
    "ttH_PTH_60_120":0.02468
  },
  "TTH_HAD_PTH_0_60_Tag2":{
    "ttH_PTH_0_60":0.97118,
    "ttH_PTH_60_120":0.01297,
    "tH":0.01585
  },
  "TTH_HAD_PTH_120_200_Tag0":{
    "ttH_PTH_120_200":0.97737,
    "ttH_PTH_200_300":0.01140,
    "tH":0.01123
  },
  "TTH_HAD_PTH_120_200_Tag1":{
    "ggH_GE2J_MJJ_0_350_PTH_120_200":0.01268,
    "ttH_PTH_120_200":0.94901,
    "tH":0.03831
  },
  "TTH_HAD_PTH_120_200_Tag2":{
    "ggH_GE2J_MJJ_0_350_PTH_120_200":0.05977,
    "ttH_PTH_120_200":0.86590,
    "tH":0.07433
  },
  "TTH_HAD_PTH_120_200_Tag3":{
    "ggH_GE2J_MJJ_0_350_PTH_120_200":0.13053,
    "ttH_PTH_120_200":0.76414,
    "tH":0.10532
  },
  "TTH_HAD_PTH_200_300_Tag0":{
    "ttH_PTH_200_300":0.95303,
    "tH":0.04697
  },
  "TTH_HAD_PTH_200_300_Tag1":{
    "ggH_PTH_200_300":0.07367,
    "ttH_PTH_120_200":0.01258,
    "ttH_PTH_200_300":0.81066,
    "tH":0.10308
  },
  "TTH_HAD_PTH_200_300_Tag2":{
    "ggH_PTH_200_300":0.20839,
    "qqH_GE2J_MJJ_60_120":0.01423,
    "ttH_PTH_200_300":0.62812,
    "tH":0.14926
  },
  "TTH_HAD_PTH_60_120_Tag0":{
    "ttH_PTH_60_120":0.96582,
    "ttH_PTH_120_200":0.03418
  },
  "TTH_HAD_PTH_60_120_Tag1":{
    "ggH_GE2J_MJJ_0_350_PTH_60_120":0.04527,
    "ttH_PTH_60_120":0.93227,
    "ttH_PTH_120_200":0.02246
  },
  "TTH_HAD_PTH_60_120_Tag2":{
    "ttH_PTH_60_120":0.96937,
    "tH":0.03063
  },
  "TTH_HAD_PTH_GT300_Tag0":{
    "ggH_PTH_300_450":0.05412,
    "ttH_PTH_GT300":0.79017,
    "tH":0.15571
  },
  "TTH_HAD_PTH_GT300_Tag1":{
    "ggH_PTH_300_450":0.21671,
    "ggH_PTH_GT450":0.04347,
    "ttH_PTH_GT300":0.52858,
    "tH":0.21123
  },
  "TTH_LEP_PTH_0_60_Tag0":{
    "ttH_PTH_0_60":0.95721,
    "ttH_PTH_60_120":0.04279
  },
  "TTH_LEP_PTH_0_60_Tag1":{
    "ttH_PTH_0_60":0.98195,
    "ttH_PTH_60_120":0.01805
  },
  "TTH_LEP_PTH_0_60_Tag2":{
    "WH_lep_PTV_0_75":0.01533,
    "ttH_PTH_0_60":0.95657,
    "ttH_PTH_60_120":0.01162,
    "tH":0.01648
  },
  "TTH_LEP_PTH_120_200_Tag0":{
    "ttH_PTH_120_200":1.00000
  },
  "TTH_LEP_PTH_120_200_Tag1":{
    "WH_lep_PTV_75_150":0.01199,
    "WH_lep_PTV_GT150":0.02915,
    "ttH_PTH_120_200":0.91670,
    "tH":0.04216
  },
  "TTH_LEP_PTH_200_300_Tag0":{
    "ttH_PTH_200_300":0.92278,
    "tH":0.07722
  },
  "TTH_LEP_PTH_60_120_Tag0":{
    "ttH_PTH_60_120":0.98683,
    "ttH_PTH_120_200":0.01317
  },
  "TTH_LEP_PTH_60_120_Tag1":{
    "ttH_PTH_60_120":0.97352,
    "ttH_PTH_120_200":0.02648
  },
  "TTH_LEP_PTH_60_120_Tag2":{
    "ttH_PTH_60_120":0.98685,
    "tH":0.01315
  },
  "TTH_LEP_PTH_GT300_Tag0":{
    "WH_lep_PTV_GT150":0.10754,
    "ttH_PTH_200_300":0.08201,
    "ttH_PTH_GT300":0.68566,
    "tH":0.12480
  },
  "VBFLIKEGGH_Tag0":{
    "ggH_1J_PTH_60_120":0.01686,
    "ggH_1J_PTH_120_200":0.01954,
    "ggH_GE2J_MJJ_0_350_PTH_60_120":0.01704,
    "ggH_GE2J_MJJ_0_350_PTH_120_200":0.08245,
    "ggH_PTH_200_300":0.16090,
    "VBFlike_low_mjj_low_pthjj":0.25510,
    "VBFlike_low_mjj_high_pthjj":0.43418,
    "qqH_GE2J_MJJ_GT350_PTH_GT200":0.01393
  },
  "VBFLIKEGGH_Tag1":{
    "ggH_1J_PTH_0_60":0.01990,
    "ggH_1J_PTH_60_120":0.06675,
    "ggH_GE2J_MJJ_0_350_PTH_60_120":0.06159,
    "ggH_GE2J_MJJ_0_350_PTH_120_200":0.04148,
    "ggH_PTH_200_300":0.13708,
    "VBFlike_low_mjj_low_pthjj":0.21919,
    "VBFlike_low_mjj_high_pthjj":0.29404,
    "VBFlike_high_mjj_low_pthjj":0.03596,
    "VBFlike_high_mjj_high_pthjj":0.10533,
    "qqH_GE2J_MJJ_GT350_PTH_GT200":0.01869
  },
  "VBFTOPO_BSM_Tag0":{
    "ggH_PTH_200_300":0.23941,
    "qqH_GE2J_MJJ_GT350_PTH_GT200":0.76059
  },