{
   "ggH_FWDH":3.90859,
   "ggH_PTH_200_300":0.47348,
   "ggH_PTH_300_450":0.12078,
   "ggH_PTH_450_650":0.01449,
   "ggH_PTH_GT650":0.00483,
   "ggH_0J_PTH_0_10":6.70112,
   "ggH_0J_PTH_GT10":19.03564,
   "ggH_1J_PTH_0_60":7.13595,
   "ggH_1J_PTH_60_120":4.94250,
   "ggH_1J_PTH_120_200":0.87931,
   "ggH_GE2J_MJJ_0_350_PTH_0_60":1.23683,
   "ggH_GE2J_MJJ_0_350_PTH_60_120":1.98087,
   "ggH_GE2J_MJJ_0_350_PTH_120_200":0.90830,
   "ggH_GE2J_MJJ_350_700_PTH_0_200_PTHJJ_0_25":0.30438,
   "ggH_GE2J_MJJ_350_700_PTH_0_200_PTHJJ_GT25":0.37202,
   "ggH_GE2J_MJJ_GT700_PTH_0_200_PTHJJ_0_25":0.13528,
   "ggH_GE2J_MJJ_GT700_PTH_0_200_PTHJJ_GT25":0.15460,
   "ggZH_had_FWDH":0.00234,
   "ggZH_had_PTH_200_300":0.01191,
   "ggZH_had_PTH_300_450":0.00330,
   "ggZH_had_PTH_450_650":0.00066,
   "ggZH_had_PTH_GT650":0.00017,
   "ggZH_had_0J_PTH_0_10":0.00001,
   "ggZH_had_0J_PTH_GT10":0.00025,
   "ggZH_had_1J_PTH_0_60":0.00171,
   "ggZH_had_1J_PTH_60_120":0.00457,
   "ggZH_had_1J_PTH_120_200":0.00302,
   "ggZH_had_GE2J_MJJ_0_350_PTH_0_60":0.00491,
   "ggZH_had_GE2J_MJJ_0_350_PTH_60_120":0.01679,
   "ggZH_had_GE2J_MJJ_0_350_PTH_120_200":0.02527,
   "ggZH_had_GE2J_MJJ_350_700_PTH_0_200_PTHJJ_0_25":0.00098,
   "ggZH_had_GE2J_MJJ_350_700_PTH_0_200_PTHJJ_GT25":0.00689,
   "ggZH_had_GE2J_MJJ_GT700_PTH_0_200_PTHJJ_0_25":0.00031,
   "ggZH_had_GE2J_MJJ_GT700_PTH_0_200_PTHJJ_GT25":0.00244,
   "qqH_FWDH":0.25225,
   "qqH_0J":0.26206,
   "qqH_1J":1.23789,
   "qqH_GE2J_MJJ_0_60":0.05128,
   "qqH_GE2J_MJJ_60_120":0.09049,
   "qqH_GE2J_MJJ_120_350":0.46529,
   "qqH_GE2J_MJJ_GT350_PTH_GT200":0.15007,
   "qqH_GE2J_MJJ_350_700_PTH_0_200_PTHJJ_0_25":0.38686,
   "qqH_GE2J_MJJ_350_700_PTH_0_200_PTHJJ_GT25":0.14517,
   "qqH_GE2J_MJJ_GT700_PTH_0_200_PTHJJ_0_25":0.56899,
   "qqH_GE2J_MJJ_GT700_PTH_0_200_PTHJJ_GT25":0.16025,
   "WH_had_FWDH":0.11513,
   "WH_had_0J":0.05221,
   "WH_had_1J":0.28514,
   "WH_had_GE2J_MJJ_0_60":0.03279,
   "WH_had_GE2J_MJJ_60_120":0.26956,
   "WH_had_GE2J_MJJ_120_350":0.12750,
   "WH_had_GE2J_MJJ_GT350_PTH_GT200":0.00806,
   "WH_had_GE2J_MJJ_350_700_PTH_0_200_PTHJJ_0_25":0.00403,
   "WH_had_GE2J_MJJ_350_700_PTH_0_200_PTHJJ_GT25":0.01704,
   "WH_had_GE2J_MJJ_GT700_PTH_0_200_PTHJJ_0_25":0.00082,
   "WH_had_GE2J_MJJ_GT700_PTH_0_200_PTHJJ_GT25":0.00366,
   "ZH_had_FWDH":0.06031,
   "ZH_had_0J":0.02285,
   "ZH_had_1J":0.15333,
   "ZH_had_GE2J_MJJ_0_60":0.01667,
   "ZH_had_GE2J_MJJ_60_120":0.17728,
   "ZH_had_GE2J_MJJ_120_350":0.07714,
   "ZH_had_GE2J_MJJ_GT350_PTH_GT200":0.00438,
   "ZH_had_GE2J_MJJ_350_700_PTH_0_200_PTHJJ_0_25":0.00216,
   "ZH_had_GE2J_MJJ_350_700_PTH_0_200_PTHJJ_GT25":0.01066,
   "ZH_had_GE2J_MJJ_GT700_PTH_0_200_PTHJJ_0_25":0.00047,
   "ZH_had_GE2J_MJJ_GT700_PTH_0_200_PTHJJ_GT25":0.00237,
   "WH_lep_FWDH":0.05370,
   "WH_lep_PTV_0_75":0.20607,
   "WH_lep_PTV_75_150":0.12971,
   "WH_lep_PTV_150_250_0J":0.02258,
   "WH_lep_PTV_150_250_GE1J":0.01757,
   "WH_lep_PTV_GT250":0.01306,
   "ZH_lep_FWDH":0.02546,
   "ZH_lep_PTV_0_75":0.10369,
   "ZH_lep_PTV_75_150":0.06974,
   "ZH_lep_PTV_150_250_0J":0.01172,
   "ZH_lep_PTV_150_250_GE1J":0.00970,
   "ZH_lep_PTV_GT250":0.00684,
   "ggZH_lep_FWDH":0.00099,
   "ggZH_lep_PTV_0_75":0.00587,
   "ggZH_lep_PTV_75_150":0.01595,
   "ggZH_lep_PTV_150_250_0J":0.00334,
   "ggZH_lep_PTV_150_250_GE1J":0.00755,
   "ggZH_lep_PTV_GT250":0.00311,
   "ttH_FWDH":0.00680,
   "ttH_PTH_0_60":0.11328,
   "ttH_PTH_60_120":0.17486,
   "ttH_PTH_120_200":0.12934,
   "ttH_PTH_200_300":0.05417,
   "ttH_PTH_GT300":0.02684,
   "bbH_FWDH":0.02349,
   "bbH":0.45889,
   "tHq_FWDH":0.00215,
   "tHq":0.07488,
   "tHW_FWDH":0.00016,
   "tHW":0.01501
}
